,model,feat_select,n_feat,test_val,acc,acc_sd,auc,auc_sd,htune_val,htune_trials
3,svm,step-up,50,5-fold,0.8566386554621849,0.03952082168141044,0.8583859649122807,0.033961396077236375,5-fold,100
6,svm,step-up,100,5-fold,0.8509243697478992,0.05788446106312399,0.8229824561403509,0.06346501836822328,5-fold,100
0,svm,step-up,10,5-fold,0.8507563025210084,0.03040112686949916,0.8210877192982456,0.06047142183991814,5-fold,100
4,svm,step-up,50,10-fold,0.838562091503268,0.09170017200035607,0.8555555555555555,0.09447361827655675,10-fold,100
1,svm,step-up,10,10-fold,0.8222222222222223,0.08731193346934144,0.8201587301587303,0.0940743214386616,10-fold,100
5,svm,step-up,50,m-carlo,0.812857142857143,0.066507148933713,0.8485000000000001,0.05865425506667782,m-carlo,100
2,svm,step-up,10,m-carlo,0.7771428571428572,0.063279510549816,0.7889999999999999,0.06739167179185114,m-carlo,100
7,svm,step-up,100,10-fold,0.7467320261437909,0.0786466725391811,0.8029365079365081,0.09790905753551644,10-fold,100
8,svm,step-up,100,m-carlo,0.677142857142857,0.08601451180237847,0.7508333333333332,0.08249667723239507,m-carlo,100
