{"model":{"4":"mlp","3":"mlp","5":"mlp","1":"mlp","0":"mlp","2":"mlp"},"feat_select":{"4":"step-up","3":"step-up","5":"step-up","1":"step-up","0":"step-up","2":"step-up"},"n_feat":{"4":50,"3":50,"5":50,"1":10,"0":10,"2":10},"test_val":{"4":"10-fold","3":"5-fold","5":"m-carlo","1":"10-fold","0":"5-fold","2":"m-carlo"},"acc":{"4":0.7549019608,"3":0.7441269841,"5":0.7166666667,"1":0.7111111111,"0":0.7041269841,"2":0.6916666667},"acc_sd":{"4":0.0977604364,"3":0.0814209904,"5":0.0498535868,"1":0.1508405858,"0":0.0540335739,"2":0.0679816701},"auc":{"4":0.7504960317,"3":0.7405701754,"5":0.709375,"1":0.7049801587,"0":0.6962938596,"2":0.686875},"auc_sd":{"4":0.0965812406,"3":0.0874253229,"5":0.0507144677,"1":0.1593939617,"0":0.051739307,"2":0.0691792818},"sens":{"4":0.7777777778,"3":0.7894736842,"5":0.775,"1":0.7688888889,"0":0.7684210526,"2":0.73},"sens_sd":{"4":0.139664501,"3":0.1286112698,"5":0.0966545667,"1":0.148407181,"0":0.1339652041,"2":0.0923380517},"spec":{"4":0.7232142857,"3":0.6916666667,"5":0.64375,"1":0.6410714286,"0":0.6241666667,"2":0.64375},"spec_sd":{"4":0.1271777418,"3":0.219354324,"5":0.1130832832,"1":0.2526012628,"0":0.1503583682,"2":0.1130832832},"htune_val":{"4":"5-fold","3":"5-fold","5":"5-fold","1":"5-fold","0":"5-fold","2":"5-fold"},"htune_trials":{"4":100,"3":100,"5":100,"1":100,"0":100,"2":100}}