,model,feat_select,n_feat,test_val,acc,acc_sd,auc,auc_sd,htune_val,htune_trials
6,dtree,step-up,100,5-fold,0.7161904761904762,0.05487565825100168,0.7150877192982457,0.05870917538635692,5-fold,100
0,dtree,step-up,10,5-fold,0.6988888888888889,0.03204030278838637,0.6901973684210527,0.0301572565454044,5-fold,100
3,dtree,step-up,50,5-fold,0.6531746031746032,0.056438560944638186,0.6480482456140352,0.058611451171011034,5-fold,100
1,dtree,step-up,10,10-fold,0.5735294117647058,0.11268324743014722,0.5684722222222222,0.11685406340405456,10-fold,100
2,dtree,step-up,10,m-carlo,0.5722222222222222,0.07615261172740224,0.571484375,0.0822135349373292,m-carlo,100
7,dtree,step-up,100,10-fold,0.49673202614379086,0.13916948033246337,0.48176587301587304,0.14285054272672268,10-fold,100
4,dtree,step-up,50,10-fold,0.4950980392156863,0.08930136792884429,0.4851190476190476,0.09465471124724895,10-fold,100
8,dtree,step-up,100,m-carlo,0.4888888888888888,0.08802578038106738,0.48406249999999995,0.0908764659984554,m-carlo,100
5,dtree,step-up,50,m-carlo,0.4763888888888889,0.08703988838596023,0.4690625,0.08381515042514374,m-carlo,100
