{"model":{"3":"rf","0":"rf","5":"rf","4":"rf","7":"rf","6":"rf","1":"rf","2":"rf","8":"rf"},"feat_select":{"3":"step-up","0":"step-up","5":"step-up","4":"step-up","7":"step-up","6":"step-up","1":"step-up","2":"step-up","8":"step-up"},"n_feat":{"3":50,"0":10,"5":50,"4":50,"7":100,"6":100,"1":10,"2":10,"8":100},"test_val":{"3":"5-fold","0":"5-fold","5":"m-carlo","4":"10-fold","7":"10-fold","6":"5-fold","1":"10-fold","2":"m-carlo","8":"m-carlo"},"acc":{"3":0.8411111111,"0":0.7844444444,"5":0.7833333333,"4":0.7732026144,"7":0.7617647059,"6":0.7614285714,"1":0.7437908497,"2":0.7180555556,"8":0.7180555556},"acc_sd":{"3":0.0583546554,"0":0.0637731872,"5":0.0574246971,"4":0.0950924864,"7":0.1035311218,"6":0.0741619849,"1":0.0949801119,"2":0.0837101616,"8":0.0651602463},"auc":{"3":0.8422368421,"0":0.7748903509,"5":0.7778125,"4":0.7716071429,"7":0.7530357143,"6":0.7570175439,"1":0.7356944444,"2":0.706875,"8":0.7103125},"auc_sd":{"3":0.052633315,"0":0.0700799446,"5":0.0568670469,"4":0.1018725263,"7":0.1026334442,"6":0.0720442717,"1":0.0952170322,"2":0.0861717799,"8":0.0659967541},"sens":{"3":0.8394736842,"0":0.8489473684,"5":0.8275,"4":0.82,"7":0.84,"6":0.7973684211,"1":0.8088888889,"2":0.8075,"8":0.78},"sens_sd":{"3":0.1133871606,"0":0.0335255309,"5":0.0895529834,"4":0.1398411798,"7":0.1505545305,"6":0.0954650376,"1":0.1188421507,"2":0.0907207978,"8":0.0909019136},"spec":{"3":0.845,"0":0.7008333333,"5":0.728125,"4":0.7232142857,"7":0.6660714286,"6":0.7166666667,"1":0.6625,"2":0.60625,"8":0.640625},"spec_sd":{"3":0.07110243,"0":0.1242477364,"5":0.0890257022,"4":0.2176081716,"7":0.1559137538,"6":0.0984691858,"1":0.168242971,"2":0.1299987348,"8":0.1070596089},"htune_val":{"3":"5-fold","0":"5-fold","5":"5-fold","4":"5-fold","7":"5-fold","6":"5-fold","1":"5-fold","2":"5-fold","8":"5-fold"},"htune_trials":{"3":100,"0":100,"5":100,"4":100,"7":100,"6":100,"1":100,"2":100,"8":100}}