,model,feat_select,n_feat,test_val,acc,acc_sd,auc,auc_sd,sens,sens_sd,spec,spec_sd,htune_val,htune_trials
6,dtree,step-up,100,5-fold,0.7503174603174604,0.0721820924617681,0.7457675438596492,0.07556605155175301,0.7873684210526315,0.04525244671305638,0.7041666666666667,0.11666666666666667,5-fold,100
0,dtree,step-up,10,5-fold,0.75,0.037115374447904526,0.7407236842105264,0.0385052375191356,0.8189473684210526,0.05518164414382297,0.6625,0.052374187874902216,5-fold,100
3,dtree,step-up,50,5-fold,0.659047619047619,0.06402947167227283,0.6563377192982457,0.0664593274224664,0.6668421052631579,0.11963703185294143,0.6458333333333333,0.15937159582421065,5-fold,100
1,dtree,step-up,10,10-fold,0.5849673202614378,0.1253906801004503,0.5733134920634921,0.13577207126319096,0.6555555555555554,0.12069756101333574,0.49107142857142855,0.2213213386021215,5-fold,100
2,dtree,step-up,10,m-carlo,0.5722222222222222,0.07507847313315047,0.565,0.07687887773703037,0.63,0.1105012502906165,0.5,0.13901675400733843,5-fold,100
4,dtree,step-up,50,10-fold,0.5532679738562092,0.15387688672691074,0.5396230158730159,0.1606068252337534,0.6488888888888888,0.19987650508238985,0.4303571428571429,0.28663665599912075,5-fold,100
7,dtree,step-up,100,10-fold,0.5022875816993464,0.13351271982975885,0.47978174603174606,0.14000235360023577,0.6577777777777778,0.1239274977208772,0.30178571428571427,0.21203346813646504,5-fold,100
5,dtree,step-up,50,m-carlo,0.49027777777777776,0.051199865730412006,0.4859374999999999,0.04929081764332347,0.525,0.1322875655532295,0.446875,0.13184389443580616,5-fold,100
8,dtree,step-up,100,m-carlo,0.4819444444444444,0.08224187768858386,0.47375,0.08302959998509092,0.5475000000000001,0.1044723584696475,0.4,0.12064792187448393,5-fold,100
