,model,feat_select,n_feat,test_val,acc,acc_sd,auc,auc_sd,htune_val,htune_trials
0,mlp,step-up,100,5-fold,0.7507936507936508,0.08436623660900515,0.8275701754385963,0.10745182411667963,5-fold,100
1,mlp,step-up,100,10-fold,0.6980392156862745,0.08415623150522765,0.8052579365079365,0.0753196398985481,5-fold,100
2,mlp,step-up,100,m-carlo,0.6930555555555556,0.10566899106414626,0.7503906250000001,0.10998405961617624,5-fold,100
