,model,feat_select,n_feat,test_val,acc,acc_sd,auc,auc_sd,sens,sens_sd,spec,spec_sd,htune_val,htune_trials
4,mlp,step-up,50,10-fold,0.7549019607843137,0.0977604363668173,0.7504960317460317,0.09658124059839633,0.7777777777777778,0.1396645009997393,0.7232142857142858,0.12717774178108035,5-fold,100
3,mlp,step-up,50,5-fold,0.7441269841269842,0.08142099039557754,0.7405701754385966,0.08742532291282205,0.7894736842105263,0.12861126982407792,0.6916666666666667,0.21935432397024784,5-fold,100
5,mlp,step-up,50,m-carlo,0.7166666666666666,0.04985358680134325,0.709375,0.05071446772709052,0.775,0.0966545666958261,0.64375,0.1130832832357127,5-fold,100
1,mlp,step-up,10,10-fold,0.7111111111111111,0.15084058578418338,0.7049801587301587,0.15939396170405826,0.768888888888889,0.14840718095168,0.6410714285714285,0.25260126278224276,5-fold,100
0,mlp,step-up,10,5-fold,0.7041269841269842,0.05403357391569895,0.6962938596491228,0.051739307013854846,0.7684210526315789,0.1339652040653729,0.6241666666666668,0.1503583682037315,5-fold,100
2,mlp,step-up,10,m-carlo,0.6916666666666667,0.06798167012058959,0.6868749999999999,0.06917928177074253,0.7300000000000001,0.09233805168766386,0.64375,0.1130832832357127,5-fold,100
