{"model":{"6":"bag","3":"bag","7":"bag","8":"bag","4":"bag","0":"bag","5":"bag","1":"bag","2":"bag"},"feat_select":{"6":"step-up","3":"step-up","7":"step-up","8":"step-up","4":"step-up","0":"step-up","5":"step-up","1":"step-up","2":"step-up"},"n_feat":{"6":100,"3":50,"7":100,"8":100,"4":50,"0":10,"5":50,"1":10,"2":10},"test_val":{"6":"5-fold","3":"5-fold","7":"10-fold","8":"m-carlo","4":"10-fold","0":"5-fold","5":"m-carlo","1":"10-fold","2":"m-carlo"},"acc":{"6":0.8295238095,"3":0.7898412698,"7":0.7892156863,"8":0.7763888889,"4":0.7617647059,"0":0.7392063492,"5":0.7208333333,"1":0.7176470588,"2":0.7166666667},"acc_sd":{"6":0.053494654,"3":0.0654230183,"7":0.0887682605,"8":0.0772512462,"4":0.098804205,"0":0.0991390248,"5":0.0718020843,"1":0.0907113778,"2":0.065362487},"auc":{"6":0.8267105263,"3":0.7828070175,"7":0.7867857143,"8":0.7728125,"4":0.7519444444,"0":0.7266008772,"5":0.715,"1":0.7042857143,"2":0.70625},"auc_sd":{"6":0.0625000769,"3":0.0719144202,"7":0.0840749315,"8":0.0801487874,"4":0.1033294778,"0":0.098559729,"5":0.0718184846,"1":0.0941500347,"2":0.0658634453},"sens":{"6":0.8484210526,"3":0.8489473684,"7":0.82,"8":0.805,"4":0.8288888889,"0":0.8273684211,"5":0.7675,"1":0.83,"2":0.8},"sens_sd":{"6":0.0355311887,"3":0.069813761,"7":0.1619327707,"8":0.0825577947,"4":0.1051747517,"0":0.0938666172,"5":0.1195110653,"1":0.1251665557,"2":0.1088214375},"spec":{"6":0.805,"3":0.7166666667,"7":0.7535714286,"8":0.740625,"4":0.675,"0":0.6258333333,"5":0.6625,"1":0.5785714286,"2":0.6125},"spec_sd":{"6":0.1324973794,"3":0.1725271718,"7":0.1284390853,"8":0.1270797382,"4":0.1797185378,"0":0.1145795454,"5":0.1288869354,"1":0.1702838766,"2":0.1226757601},"htune_val":{"6":"5-fold","3":"5-fold","7":"5-fold","8":"5-fold","4":"5-fold","0":"5-fold","5":"5-fold","1":"5-fold","2":"5-fold"},"htune_trials":{"6":100,"3":100,"7":100,"8":100,"4":100,"0":100,"5":100,"1":100,"2":100}}