,model,feat_select,n_feat,test_val,acc,acc_sd,auc,auc_sd,sens,sens_sd,spec,spec_sd,htune_val,htune_trials
6,bag,step-up,100,5-fold,0.8295238095238096,0.05349465398088994,0.8267105263157895,0.06250007694670545,0.848421052631579,0.03553118874962135,0.805,0.13249737942901196,5-fold,100
3,bag,step-up,50,5-fold,0.7898412698412699,0.06542301833292602,0.7828070175438597,0.07191442021883297,0.8489473684210527,0.06981376095610782,0.7166666666666666,0.1725271717730283,5-fold,100
7,bag,step-up,100,10-fold,0.7892156862745099,0.08876826045363286,0.7867857142857144,0.08407493148560034,0.82,0.16193277068654827,0.7535714285714286,0.12843908532629691,5-fold,100
8,bag,step-up,100,m-carlo,0.776388888888889,0.0772512461759517,0.7728124999999999,0.08014878742064661,0.805,0.08255779474818965,0.740625,0.12707973822927499,5-fold,100
4,bag,step-up,50,10-fold,0.761764705882353,0.09880420497853555,0.7519444444444445,0.10332947777655813,0.8288888888888888,0.10517475169954875,0.675,0.17971853781529362,5-fold,100
0,bag,step-up,10,5-fold,0.7392063492063492,0.09913902477484908,0.7266008771929825,0.09855972899356984,0.8273684210526318,0.09386661721962099,0.6258333333333332,0.11457954539193384,5-fold,100
5,bag,step-up,50,m-carlo,0.7208333333333333,0.07180208430986572,0.715,0.07181848464596079,0.7675000000000001,0.11951106533221979,0.6625,0.1288869353552297,5-fold,100
1,bag,step-up,10,10-fold,0.7176470588235294,0.09071137784146562,0.7042857142857143,0.09415003465184339,0.8300000000000001,0.12516655570345728,0.5785714285714285,0.17028387662798783,5-fold,100
2,bag,step-up,10,m-carlo,0.7166666666666667,0.06536248703079774,0.70625,0.06586344525647464,0.8,0.10882143751650175,0.6125,0.1226757600557794,5-fold,100
