,model,feat_select,n_feat,test_val,acc,acc_sd,auc,auc_sd,htune_val,htune_trials
0,rf,step-up,100,5-fold,0.7561904761904763,0.08692269873603531,0.8049276315789473,0.09943272100696166,5-fold,100
1,rf,step-up,100,10-fold,0.7503267973856209,0.07412531868350593,0.7973115079365078,0.11947855617558521,5-fold,100
2,rf,step-up,100,m-carlo,0.7277777777777779,0.06217834710414062,0.7903906250000001,0.07436040843983317,5-fold,100
