,model,feat_select,n_feat,test_val,acc,acc_sd,auc,auc_sd,sens,sens_sd,spec,spec_sd,htune_val,htune_trials
3,rf,step-up,50,5-fold,0.8411111111111111,0.058354655427204014,0.8422368421052632,0.052633315029846625,0.8394736842105264,0.11338716064637115,0.845,0.0711024300256718,5-fold,100
0,rf,step-up,10,5-fold,0.7844444444444445,0.06377318715849735,0.774890350877193,0.07007994462071496,0.8489473684210527,0.03352553085092858,0.7008333333333334,0.12424773639789176,5-fold,100
5,rf,step-up,50,m-carlo,0.7833333333333333,0.05742469713856131,0.7778125,0.056867046870194,0.8275,0.08955298343497697,0.728125,0.08902570223196635,5-fold,100
4,rf,step-up,50,10-fold,0.773202614379085,0.09509248636794057,0.7716071428571428,0.10187252633225109,0.82,0.13984117975602023,0.7232142857142857,0.21760817155274892,5-fold,100
7,rf,step-up,100,10-fold,0.7617647058823529,0.10353112184352353,0.7530357142857143,0.1026334441895679,0.8399999999999999,0.15055453054181622,0.6660714285714284,0.15591375384954265,5-fold,100
6,rf,step-up,100,5-fold,0.7614285714285715,0.07416198487095661,0.7570175438596491,0.07204427171663737,0.7973684210526317,0.09546503761693187,0.7166666666666666,0.09846918581747063,5-fold,100
1,rf,step-up,10,10-fold,0.7437908496732026,0.09498011190447836,0.7356944444444445,0.09521703222771366,0.8088888888888889,0.1188421507299639,0.6625,0.16824297096435134,5-fold,100
2,rf,step-up,10,m-carlo,0.7180555555555556,0.0837101616477529,0.7068749999999999,0.08617177993922799,0.8074999999999999,0.0907207978243949,0.60625,0.12999873481165722,5-fold,100
8,rf,step-up,100,m-carlo,0.7180555555555556,0.06516024631479742,0.7103124999999999,0.06599675405694308,0.7799999999999999,0.09090191359227176,0.640625,0.10705960894950557,5-fold,100
