,model,feat_select,n_feat,test_val,acc,acc_sd,auc,auc_sd,sens,sens_sd,spec,spec_sd,htune_val,htune_trials
3,svm,step-up,50,5-fold,0.8412698412698413,0.04084025501672571,0.83125,0.041562369465125044,0.9199999999999999,0.07582875444051551,0.7425,0.09439132493096082,5-fold,100
0,svm,step-up,10,5-fold,0.8298412698412699,0.05180539977361632,0.8175000000000001,0.05505284708552523,0.93,0.08366600265340753,0.7050000000000001,0.13836219578418893,5-fold,100
6,svm,step-up,100,5-fold,0.8246031746031746,0.07276094212499315,0.8120833333333334,0.07694807953707777,0.9200000000000002,0.0670820393249937,0.7041666666666667,0.13235316811890493,5-fold,100
4,svm,step-up,50,10-fold,0.7787581699346405,0.048814628317572106,0.7678373015873016,0.047907566752330474,0.8588888888888888,0.10709405120019104,0.6767857142857142,0.12095202943330996,5-fold,100
2,svm,step-up,10,m-carlo,0.775,0.058336814154014524,0.7640625,0.0561905753358955,0.8625,0.1062209712667047,0.665625,0.09130585889427388,5-fold,100
1,svm,step-up,10,10-fold,0.7735294117647059,0.04994407854321991,0.7599801587301587,0.05542675687724251,0.8788888888888889,0.06295206877429019,0.6410714285714285,0.13374988079338573,5-fold,100
7,svm,step-up,100,10-fold,0.7163398692810458,0.10867944472094232,0.7083928571428573,0.10682840761459184,0.79,0.1728840330651992,0.6267857142857143,0.16739847838882355,5-fold,100
5,svm,step-up,50,m-carlo,0.7125,0.06879816229015806,0.700625,0.06867220478859197,0.8074999999999999,0.12594380534692112,0.59375,0.13526898154573744,5-fold,100
8,svm,step-up,100,m-carlo,0.6430555555555555,0.07608592232698685,0.6284375000000001,0.07545026572971239,0.76,0.1353358395757909,0.496875,0.1397174663194865,5-fold,100
