{"model":{"6":"dtree","0":"dtree","3":"dtree","1":"dtree","2":"dtree","4":"dtree","7":"dtree","5":"dtree","8":"dtree"},"feat_select":{"6":"step-up","0":"step-up","3":"step-up","1":"step-up","2":"step-up","4":"step-up","7":"step-up","5":"step-up","8":"step-up"},"n_feat":{"6":100,"0":10,"3":50,"1":10,"2":10,"4":50,"7":100,"5":50,"8":100},"test_val":{"6":"5-fold","0":"5-fold","3":"5-fold","1":"10-fold","2":"m-carlo","4":"10-fold","7":"10-fold","5":"m-carlo","8":"m-carlo"},"acc":{"6":0.7503174603,"0":0.75,"3":0.659047619,"1":0.5849673203,"2":0.5722222222,"4":0.5532679739,"7":0.5022875817,"5":0.4902777778,"8":0.4819444444},"acc_sd":{"6":0.0721820925,"0":0.0371153744,"3":0.0640294717,"1":0.1253906801,"2":0.0750784731,"4":0.1538768867,"7":0.1335127198,"5":0.0511998657,"8":0.0822418777},"auc":{"6":0.7457675439,"0":0.7407236842,"3":0.6563377193,"1":0.5733134921,"2":0.565,"4":0.5396230159,"7":0.479781746,"5":0.4859375,"8":0.47375},"auc_sd":{"6":0.0755660516,"0":0.0385052375,"3":0.0664593274,"1":0.1357720713,"2":0.0768788777,"4":0.1606068252,"7":0.1400023536,"5":0.0492908176,"8":0.0830296},"sens":{"6":0.7873684211,"0":0.8189473684,"3":0.6668421053,"1":0.6555555556,"2":0.63,"4":0.6488888889,"7":0.6577777778,"5":0.525,"8":0.5475},"sens_sd":{"6":0.0452524467,"0":0.0551816441,"3":0.1196370319,"1":0.120697561,"2":0.1105012503,"4":0.1998765051,"7":0.1239274977,"5":0.1322875656,"8":0.1044723585},"spec":{"6":0.7041666667,"0":0.6625,"3":0.6458333333,"1":0.4910714286,"2":0.5,"4":0.4303571429,"7":0.3017857143,"5":0.446875,"8":0.4},"spec_sd":{"6":0.1166666667,"0":0.0523741879,"3":0.1593715958,"1":0.2213213386,"2":0.139016754,"4":0.286636656,"7":0.2120334681,"5":0.1318438944,"8":0.1206479219},"htune_val":{"6":"5-fold","0":"5-fold","3":"5-fold","1":"5-fold","2":"5-fold","4":"5-fold","7":"5-fold","5":"5-fold","8":"5-fold"},"htune_trials":{"6":100,"0":100,"3":100,"1":100,"2":100,"4":100,"7":100,"5":100,"8":100}}