{"model":{"3":"svm","0":"svm","6":"svm","4":"svm","2":"svm","1":"svm","7":"svm","5":"svm","8":"svm"},"feat_select":{"3":"step-up","0":"step-up","6":"step-up","4":"step-up","2":"step-up","1":"step-up","7":"step-up","5":"step-up","8":"step-up"},"n_feat":{"3":50,"0":10,"6":100,"4":50,"2":10,"1":10,"7":100,"5":50,"8":100},"test_val":{"3":"5-fold","0":"5-fold","6":"5-fold","4":"10-fold","2":"m-carlo","1":"10-fold","7":"10-fold","5":"m-carlo","8":"m-carlo"},"acc":{"3":0.8412698413,"0":0.8298412698,"6":0.8246031746,"4":0.7787581699,"2":0.775,"1":0.7735294118,"7":0.7163398693,"5":0.7125,"8":0.6430555556},"acc_sd":{"3":0.040840255,"0":0.0518053998,"6":0.0727609421,"4":0.0488146283,"2":0.0583368142,"1":0.0499440785,"7":0.1086794447,"5":0.0687981623,"8":0.0760859223},"auc":{"3":0.83125,"0":0.8175,"6":0.8120833333,"4":0.7678373016,"2":0.7640625,"1":0.7599801587,"7":0.7083928571,"5":0.700625,"8":0.6284375},"auc_sd":{"3":0.0415623695,"0":0.0550528471,"6":0.0769480795,"4":0.0479075668,"2":0.0561905753,"1":0.0554267569,"7":0.1068284076,"5":0.0686722048,"8":0.0754502657},"sens":{"3":0.92,"0":0.93,"6":0.92,"4":0.8588888889,"2":0.8625,"1":0.8788888889,"7":0.79,"5":0.8075,"8":0.76},"sens_sd":{"3":0.0758287544,"0":0.0836660027,"6":0.0670820393,"4":0.1070940512,"2":0.1062209713,"1":0.0629520688,"7":0.1728840331,"5":0.1259438053,"8":0.1353358396},"spec":{"3":0.7425,"0":0.705,"6":0.7041666667,"4":0.6767857143,"2":0.665625,"1":0.6410714286,"7":0.6267857143,"5":0.59375,"8":0.496875},"spec_sd":{"3":0.0943913249,"0":0.1383621958,"6":0.1323531681,"4":0.1209520294,"2":0.0913058589,"1":0.1337498808,"7":0.1673984784,"5":0.1352689815,"8":0.1397174663},"htune_val":{"3":"5-fold","0":"5-fold","6":"5-fold","4":"5-fold","2":"5-fold","1":"5-fold","7":"5-fold","5":"5-fold","8":"5-fold"},"htune_trials":{"3":100,"0":100,"6":100,"4":100,"2":100,"1":100,"7":100,"5":100,"8":100}}