,model,feat_select,n_feat,test_val,acc,acc_sd,auc,auc_sd,htune_val,htune_trials
0,svm,step-up,10,5-fold,0.8298412698412699,0.05180539977361632,0.8237214912280703,0.06640504757162781,5-fold,100
3,svm,step-up,50,5-fold,0.8296825396825396,0.039490009133521096,0.8268728070175438,0.026462218707600873,5-fold,100
6,svm,step-up,100,5-fold,0.7960317460317461,0.058121036859935464,0.7942258771929824,0.049790351632514586,5-fold,100
4,svm,step-up,50,10-fold,0.7787581699346405,0.07331810191893476,0.8174603174603174,0.04793709922898224,10-fold,100
2,svm,step-up,10,m-carlo,0.7708333333333333,0.051673583137634295,0.8217187499999999,0.06297904406845437,m-carlo,100
1,svm,step-up,10,10-fold,0.7679738562091504,0.05244620094645194,0.8192857142857143,0.08024374715151394,10-fold,100
7,svm,step-up,100,10-fold,0.7277777777777779,0.11811062145352602,0.7667658730158731,0.08222967672434307,10-fold,100
5,svm,step-up,50,m-carlo,0.7236111111111112,0.06077459178922964,0.7787499999999999,0.06990359903391768,m-carlo,100
8,svm,step-up,100,m-carlo,0.6499999999999999,0.07175965226579167,0.7070312500000001,0.07936758538721816,m-carlo,100
