,model,feat_select,n_feat,test_val,acc,acc_sd,auc,auc_sd,htune_val,htune_trials
6,bag,step-up,100,5-fold,0.8295238095238096,0.0880888028537601,0.8563837719298245,0.0492995798716707,5-fold,100
4,bag,step-up,50,10-fold,0.7957516339869282,0.08836631924248564,0.8216071428571429,0.08368738563690005,10-fold,100
7,bag,step-up,100,10-fold,0.7898692810457517,0.06667254021714586,0.8355753968253967,0.07287309733843243,10-fold,100
8,bag,step-up,100,m-carlo,0.775,0.06857644672068033,0.81015625,0.06220220997671096,m-carlo,100
3,bag,step-up,50,5-fold,0.7671428571428571,0.03628121456914371,0.8082587719298246,0.0717882003282656,5-fold,100
0,bag,step-up,10,5-fold,0.7504761904761905,0.08660908605249262,0.7362149122807018,0.0893746893874807,5-fold,100
5,bag,step-up,50,m-carlo,0.7305555555555555,0.059166289156745315,0.7581249999999999,0.08008655884663006,m-carlo,100
2,bag,step-up,10,m-carlo,0.7069444444444444,0.07725124617595171,0.711875,0.07477763087279089,m-carlo,100
1,bag,step-up,10,10-fold,0.6950980392156864,0.09475308468039587,0.7226587301587302,0.13107353702728683,10-fold,100
