,model,feat_select,n_feat,test_val,acc,acc_sd,auc,auc_sd,htune_val,htune_trials
3,mlp,step-up,50,5-fold,0.7898412698412699,0.07138976017891233,0.8568464912280703,0.055522891097514064,5-fold,100
4,mlp,step-up,50,10-fold,0.7849673202614379,0.11342375183284666,0.8622619047619049,0.0903369333486197,10-fold,100
5,mlp,step-up,50,m-carlo,0.7486111111111111,0.06528477628279811,0.8064843749999999,0.08033434419036922,m-carlo,100
1,mlp,step-up,10,10-fold,0.7205882352941178,0.13202191944463096,0.7740079365079365,0.11381108730191689,10-fold,100
2,mlp,step-up,10,m-carlo,0.7152777777777778,0.06104129451549464,0.75640625,0.05047548380610653,m-carlo,100
0,mlp,step-up,10,5-fold,0.7042857142857143,0.08800510189292253,0.7623706140350877,0.06227647606587451,5-fold,100
